{
    "config": {
        "capital_inicial": 10000,
        "ltv_ratio": 0.5,
        "leverage_ratio": 2.0,
        "tasa_interes_anual": 0.035,
        "fecha_inicio": "2007-01",
        "fecha_fin": "2024-12",
        "margin_call_threshold": 0.2,
        "rebalanceo_mensual": false,
        "modo_interes": "fijo"
    },
    "metrics": {
        "total_return": -0.9270675016664656,
        "cagr": -0.7154214753170415,
        "max_drawdown": -0.9351709717050389,
        "months_underwater": 21,
        "max_recovery_months": 4,
        "sharpe_ratio": -1.568965276114567,
        "sortino_ratio": -1.1226454520880451,
        "calmar_ratio": -0.7650167690862539,
        "var_95": -0.47815951118106376,
        "var_99": -0.5785807626849517,
        "cvar_95": -0.5500641939902544,
        "cvar_99": -0.6028726545359901,
        "skewness": -1.7613341349578941,
        "excess_kurtosis": 2.7085767557498666,
        "win_rate_monthly": 0.4166666666666667,
        "best_month": 0.10621579679040538,
        "worst_month": -0.6028726545359901,
        "n_months": 25,
        "n_years": 2.0833333333333335
    },
    "margin_calls": [
        "2009-02-01"
    ],
    "was_wiped_out": true,
    "total_interest_paid": 786.6369720364964
}